English_Word,Amharic,Egyptian Arabic,Hausa,Levantine Arabic,Modern Standard Arabic,Sudanese Arabic,Vietnamese,Indonesian,Javanese,Tagalog,Kannada,Tamil,Telugu,Bengali,Bhojpuri,English,French,Gujarati,Hindi,Persian,Italian,Marathi,Portuguese,Russian,Spanish,German,Urdu,Punjabi,Japanese,Korean,Thai,Swahili,Mandarin,Wu,Yue,Turkish,Hungarian
I,እኔ (əne),أنا (ana),نِ (ni),أنا (ana),أَنَا (anā),أنا (ana),𠊛 (tôi),saya,ꦲꦏꦸ (aku),ᜀᜃᜓ (ako),ನಾನು (nānu),நான் (nāṉ),నేను (nēnu),আমি (āmi),हम (ham),I,je,હું (hũ),मैं (ma͠i),من (man),io,मी (mī),eu,я (ja),yo,ich,میں (maĩ),میں (maĩ),我 (wa),나 (na),ฉัน (chan),مِيمِ (mimi),我 (wǒ),我 (ngu),我 (ngóh),بن (ben),én
you (sg.),አንተ (antä),انت (inta),كَيْ (kai),إنت (inta),أَنْتَ (anta),إنت (inta),伴 (bạn),kamu,ꦏꦺꦴꦮꦺ (kowé),ᜁᜃᜏ᜔ (ikaw),ನೀನು (nīnu),நீ (nī),నువ్వు (nuvvu),তুমি (tumi),ते (te),you,tu,તું (tũ),तुम (tum),تو (to),tu,तू (tū),tu,ты (ty),tú,du,تم (tum),تسیں (tusī̃),貴方 (anata),너 (neo),คุณ (khun),ويوِي (wewe),你 (nǐ),儂 (non),你 (néih),سن (sen),te
we,እኛ (əñña),احنا (eḥna),مُو (mu),إحنا (iḥna),نَحْنُ (naḥnu),نحن (niḥna),衆𠊛 (chúng tôi),kami,ꦲꦮꦏ꧀ꦝꦺꦮꦺ (awak dhéwé),ᜆᜌᜓ (tayo),ನಾವು (nāvu),நாம் (nām),మనము (manamu),আমরা (amra),हमन (haman),we,nous,આપણે (āpaṇe),हम (ham),ما (mâ),noi,आपण (āpaṇ),nós,мы (my),nosotros,wir,ہم (ham),اسیں (asī̃),私達 (watashitachi),우리 (uri),เรา (rao),سِيسِ (sisi),我們 (wǒmen),阿拉 (aq laq),我哋 (ngóh deih),بز (biz),mi
this,ይህ (yəh),ده (dah),وَنْنَن (wannan),هاد (hād),هٰذَا (hādhā),ده (da),尼 (này),ini,ꦲꦶꦏꦶ (iki),ᜁᜆᜓ (ito),ಇದು (idu),இது (itu),ఇది (idi),এ (e),इह (ih),this,ceci,આ (ā),यह (yah),این (in),questo,हे (he),este,э́то (éto),este,dieser,یہ (yeh),ایہ (e),此れ (kore),이 (i),นี้ (ni),هِي (hii),這 (zhè),搿 (geq),呢 (nī),بو (bu),ez
that,ያ (ya),داك (dāk),وَنـْچَن (wancan),هداك (hadāk),ذٰلِكَ (dhālika),داك (dāk),𠼲 (đó),itu,ꦲꦶꦏ길 (iku),ᜁᜌᜓᜈ᜔ (iyon),ಅದು (adu),அது (atu),అది (adi),ও (ō),उह (uh),that,cela,પેલું (pelũ),वह (vah),آن (ân),quello,ते (te),aquele,то (to),ese,jener,وہ (voh),اوہ (oh),其れ (sore),그 (geu),นั้น (nan),إِلِي (ile),那 (nà),埃 (e),嗰 (gó),شو (şu),az
who,ማን (man),مين (mīn),وَا (wa),مين (mīn),مَنْ (man),منو (minu),埃 (ai),siapa,ꦱꦥ (sapa),ᜐᜒᜈᜓ (sino),ಯಾರು (yāru),யார் (yār),ఎవరు (evaru),কে (ke),कवन (kavan),who,qui,કોણ (koṇ),कौन (kaun),کی (ki),chi,कोण (koṇ),quem,кто (kto),quién,wer,کون (kaun),کَون (kaun),誰 (dare),누구 (nugu),ใคร (khrai),نَانِ (nani),誰 (shéi),啥人 (sa gnin),邊個 (bīn go),كيم (kim),ki
what,ምን (mən),ايه (ēh),مِي (me),إيش (īsh),مَا (mā),شنو (shinu),𡇩 (gì),apa,ꦲꦥ (apa),ᜀᜈᜓ (ano),ಏನು (ēnu),என்ன (eṉṉa),ఏమిటి (ēmiṭi),কী (ki),का (kā),what,quoi,શું (śũ),क्या (kyā),چه (če),cosa,काय (kāy),que,что (što),qué,was,کیا (kyā),کیہہ (keh),何 (nani),무엇 (mu-eot),อะไร (arai),نِينِ (nini),什麼 (shénme),啥 (sa),乜嘢 (māt yéh),نه (ne),mi
not,አይደለም (aydälläm),مش (mish),بَا (ba),مش (mish),لَا (lā),ما (mā),空 (không),tidak,ꦲꦺꦴꦫ (ora),ᜑᜒᜈ᜔ᜇᜒ (hindi),ಇಲ್ಲ (illa),இல்லை (illai),లేదు (lēdu),না (na),ना (nā),not,ne pas,નહીં (nahī̃),नहीं (nahī̃),نـ (na),non,नाही (nāhī),não,не (ne),no,nicht,نہیں (nahī̃),نہیں (nahī̃),ない (nai),아니다 (anida),ไม่ (mai),سِ (si),不 (bù),勿 (veq),唔 (m̀h),دگل (değil),nem
all,ሁሉ (hullu),كل (kull),دُكْ (duk),كل (kull),كُلّ (kull),كل (kull),悉哿 (tất cả),semua,ꦏꦧꦺꦃ (kabèh),ᜎᜑᜆ᜔ (lahat),ಎಲ್ಲ (ella),அனைத்து (aṉaittu),అన్నీ (annī),সব (śob),कुल (kul),all,tout,બધું (badhũ),सब (sab),همه (hame),tutto,सगळं (sagaḷaṁ),todo,всё (vsjo),todo,alle,سب (sab),سارا (sārā),皆 (mina),모든 (modeun),ทั้งหมด (thangmot),يُوتِي (yote),全部 (quánbù),全部 (zie bu),全部 (chyùhn bouh),بوتون (bütün),minden
many,ብዙ (bəzu),كتير (kitīr),دَ يَوَا (da yawa),كتير (ktīr),كَثِير (kathīr),كتير (katīr),𡗶 (nhiều),banyak,ꦲꦏꦺꦃ (akèh),᜙ᜇᜓᜈᜒ (marami),ಹಲವು (halavu),பல (pala),చాలా (cālā),অনেক (onek),जादे (zāde),many,beaucoup,ઘણું (ghaṇũ),बहुत (bahut),خیلی (xeyli),molto,पुष्कळ (puṣkaḷ),muito,мно́го (mnógo),mucho,viele,بہت (bahut),بہت (bahut),多い (ooi),많은 (maneun),หลาย (lai),ڽِينقِ (nyingi),多 (duō),多 (tú),多 (dō),چوق (çok),sok
one,አንድ (and),واحد (wāḥid),طَيَا (ɗaya),واحد (wāḥed),وَاحِد (wāḥid),واحد (wāḥid),𠬠 (một),satu,ꦱꦶꦗꦶ (siji),ᜁᜐ (isa),ಒಂದು (ondu),ஒன்று (oṉṟu),ఒకటి (okaṭi),এক (ek),एक (ek),one,un,એક (eka),एक (ek),یک (yek),uno,एक (ek),um,оди́н (odín),uno,eins,ایک (ek),اِکّ (īkk),一 (hito),하나 (hana),หนึ่ง (nueng),مُوجَا (moja),一 (yī),一 (iq),一 (yāt),بر (bir),egy
two,ሁለት (hulätt),اتنين (itnēn),بِيُ (biyu),تنين (tnēn),اِثْنَان (ithnān),تنين (tinēn),𠄩 (hai),dua,ꦭꦺꦴꦫꦺꦴ (loro),ᜇᜎᜏ (dalawa),ಎರಡು (eraḍu),இரண்டு (iraṇṭu),రెండు (reṇḍu),দুই (dui),दु (du),two,deux,બે (be),दो (do),دو (do),due,दोन (don),dois,два (dva),dos,zwei,دو (do),دو (do),二 (futa),둘 (dul),สอง (song),مبِيلِ (mbili),二 (èr),二 (gni),二 (yih),ایکی (iki),kettő
big,ትልቅ (təlləq),كبير (kabīr),بَبَّا (babba),كبير (kbīr),كَبِير (kabīr),كبير (kabīr),𡘯 (lớn),besar,ꦒꦼꦝꦺ (gedhé),᜙ᜎᜃᜒ (malaki),ದೊಡ್ಡ (doḍḍa),பெரிய (periya),పెద్ద (pedda),বড় (boṛ),बड़ (baṛ),big,grand,મોટું (moṭũ),बड़ा (baṛā),بزرگ (bozorg),grande,मोठं (moṭhaṁ),grande,большо́й (bolʹšój),grande,groß,بڑا (baṛā),وڈا (vḍā),大きい (ōkii),크다 (keuda),ใหญ่ (yai),كُبوا (kubwa),大 (dà),大 (du),大 (daaih),بويوك (büyük),nagy
long,ረጅም (räğğəm),طويل (ṭawīl),دُوݢُو (dogo),طويل (ṭawīl),طَوِيل (ṭawīl),طويل (ṭawīl),𨱽 (dài),panjang,ꦢꦮ (dawa),᜙ᜑᜊ (mahaba),ಉದ್ದ (udda),நீளமான (nīḷamāṉa),పొడవైన (poḍavaina),লম্বা (lomba),लाम (lām),long,long,લાંબું (lā̃bũ),लम्बा (lambā),دراز (derâz),lungo,लांब (lāmb),longo,дли́нный (dlínnyj),largo,lang,لمبا (lambā),لمما (lamma),長い (nagai),길다 (gilda),ยาว (yao),نديفُ (ndefu),長 (cháng),長 (zaon),長 (chèuhng),اوزون (uzun),hosszú
small,ትንሽ (tənnəš),صغيّر (ṣughayyar),قَرَمِي (ƙarami),صغير (ṣghīr),صَغِير (ṣaghīr),صغير (ṣughayyar),𡮈 (nhỏ),kecil,ꦕꦶꦭꦶꦏ꧀ (cilik),᜙ᜎᜒᜁᜆ᜔ (maliit),ಚಿಕ್ಕ (cikka),சின்ன (ciṉṉa),చిన్న (cinna),ছোট (chōṭ),छोट (choṭ),small,petit,નાનું (nānũ),छोटा (choṭā),کوچک (kuček),piccolo,लहान (lahān),pequeno,ма́ленький (málenʹkij),pequeño,klein,چھوٹا (choṭā),چھوٹا (choṭā),小さい (chīsai),작다 (jakda),เล็ก (lek),ندُوقُو (ndogo),小 (xiǎo),小 (shiau),細 (sai),كوچوك (küçük),kicsi
woman,ሴት (set),ست (sitt),مَچِي (mace),مرة (mara),اِمْرَأَة (imra'a),مرة (mara),𡗶婆 (đàn bà),perempuan,ꦮꦢꦺꦴꦤ꧀ (wadon),ᜊᜊᜄᜒ (babae),ಹೆಂಗಸು (heṅgasu),பெண் (peṇ),ఆడది (āḍadi),মহিলা (mohila),मेहरारू (mehrārū),woman,femme,બાઈડી (bāīḍī),औरत (aurat),زن (zan),donna,बाई (bāī),mulher,же́нщина (žénščina),mujer,Frau,عورت (aurat),عورت (aurat),女 (onna),여자 (yeoja),หญิง (ying),مْوَانَمْكِي (mwanamke),女人 (nǚrén),女人 (gniu gnin),女人 (néuih yán),قادين (kadın),nő
man,ወንድ (wänd),راجل (rāgil),نَمِجِي (namiji),زلمة (zalame),رَجُل (rajul),راجل (rāgil),𡗶翁 (đàn ông),lelaki,ꦭꦤꦁ (lanang),ᜎᜎᜃᜒ (lalaki),ಗಂಡಸು (gaṇḍasu),ஆள் (āḷ),మగవాడు (magavāḍu),পুরুষ (puruś),मरद (marad),man,homme,માણસ (māṇas),आदमी (ādmī),مرد (mard),uomo,पुरुष (puruṣ),homem,мужчи́на (mužčína),varón,Mann,آدمی (ādmī),آدمی (ādamī),男 (otoko),남자 (namja),ชาย (chai),مْوَانَمُمِي (mwanamume),男人 (nánrén),男人 (noe gnin),男人 (nàahm yán),آدم (adam),férfi
person,ሰው (säw),انسان (insān),مُتُمْ (mutum),إنسان (insān),إِنْسَان (insān),زول (zōl),𠊛 (người),manusia,ꦮꦺꦴꦁ (wong),ᜆᜓ (tao),ಮನುಷ್ಯ (manuṣya),மனிதன் (maṉitaṉ),మనిషి (maniṣi),মানুষ (manuś),इंसान (insān),person,personne,વ્યક્તિ (vyakti),इंसान (insān),انسان (ensân),persona,माणूस (māṇūs),pessoa,челове́к (čelovék),hombre,Mensch,انسان (insān),انسان (insān),人 (hito),사람 (saram),คน (khon),مْتُ (mtu),人 (rén),人 (gnin),人 (yàhn),انسان (insan),ember
fish,ዓሣ (asa),سمكة (samaka),كِيفِي (kifi),سمكة (samake),سمكة (samakah),حوت (ḥūt),𩵜 (cá),ikan,ꦲꦶꦮꦏ꧀ (iwak),ᜁᜐ᜔ᜇ (isda),ಮೀನು (mīnu),மீன் (mīṉ),చేప (cēpa),মাছ (mach),मछरी (machrī),fish,poisson,માછલી (māchlī),मछली (machlī),ماهی (mâhi),pesce,मासा (māsā),peixe,ры́ба (rýba),pez,Fisch,مچھلی (machlī),مچھی (macchī),魚 (uo),물고기 (mulgogi),ปลา (pla),سَمَكِ (samaki),魚 (yú),魚 (ng),魚 (yú),بالیق (balık),hal
bird,ወፍ (wäf),طير (ṭayr),صُنْصُو (tsuntsu),عصفور (ʿaṣfūr),طَائِر (ṭā'ir),طير (ṭayr),𦀇 (chim),burung,ꦩꦠꦸꦏ꧀ (manuk),ᜁᜊᜓᜈ᜔ (ibon),ಹಕ್ಕಿ (hakki),பறவை (paṟavai),పక్షి (pakṣi),পাখি (pakhi),चिड़ईं (chiṛaī̃),bird,oiseau,પંખી (paṅkhī),चिड़िया (ciṛiyā),پرنده (parande),uccello,पक्षी (pakṣī),pássaro,пти́ца (ptíca),pájaro,Vogel,چڑیا (ciṛiyā),پنچھی (pañchī),鳥 (tori),새 (sae),นก (nok),نديقِي (ndege),鳥 (niǎo),鳥 (gniau),雀 (jeuk),قوش (kuş),madár
dog,ውሻ (wəšša),كلب (kalb),كَرِي (kare),كلب (kalb),كَلْب (kalb),كلب (kalib),𡥙 (chó),anjing,ꦲꦱꦸ (asu),ᜀᜐᜓ (aso),ನಾಯಿ (nāyi),நாய் (nāy),కుక్క (kukka),কুকুর (kukur),कुकुर (kukur),dog,chien,કુતરો (kutro),कुत्ता (kuttā),سگ (sag),cane,कुत्रा (kutrā),cão,соба́ка (sobáka),perro,Hund,کتا (kuttā),کتا (kuttā),犬 (inu),개 (gae),หมา (ma),مبوا (mbwa),狗 (gǒu),狗 (keu),狗 (gáu),كوپك (köpek),kutya
louse,ቅማል (qəmal),قملة ('amla),كْوَرْكْوَا (kwarkwa),قملة ('amle),قملة (qamlah),قملة (gamla),𧔗 (rận),kutu,ꦠꦸꦩ (tuma),ᜃᜓᜆᜓ (kuto),ಹೇನು (hēnu),பேன் (pēṉ),పేను (pēnu),উকুন (ukun),लीख (līkh),louse,pou,જૂ (jū),जूँ (jū̃),شپش (šepeš),pidocchio,ऊ (ū),piolho,вошь (vošʹ),piojo,Laus,جوں (jū̃),جوں (jū̃),虱 (shirami),이 (i),เหา (hao),چَاوَا (chawa),蝨子 (shīzi),蝨子 (seq tsy),蝨 (sāt),بت (bit),tetű
tree,ዛፍ (zaf),شجرة (shagara),اِيتَچِي (itace),شجرة (shajara),شَجَرَة (shajarah),شجرة (shajarah),𣘃 (cây),pohon,ꦮꦶꦠ꧀ (wit),ᜉᜓᜈᜓ (puno),ಮರ (mara),மரம் (maram),చెట్టు (ceṭṭu),গাছ (gach),फेड़ (pheṛ),tree,arbre,ઝાડ (jhāḍ),पेड़ (peṛ),درخت (deraxt),albero,झाड (j̈hāḍ),árvore,де́рево (dérevo),árbol,Baum,درخت (darakht),رُکھ (rukh),木 (ki),나무 (namu),ต้นไม้ (tonmai),مْتِ (mti),樹 (shù),樹 (zy),樹 (syuh),آغاج (ağaç),fa
seed,ዘር (zär),حباية (ḥabbāya),اِيرِي (iri),بذرة (bizra),بَذْرَة (badhrah),بذرة (bizra),𬬊 (hạt),biji,ꦮꦶꦗꦶ (wiji),ᜊᜓᜆᜓ (buto),ಬೀಜ (bīja),விதை (vitai),విత్తనం (vittanaṁ),বীজ (bij),बीया (bīyā),seed,graine,બીજ (bīj),बीज (bīj),بذر (bazr),seme,बी (bī),semente,се́мя (sémja),semilla,Samen,بیج (bīj),بیج (bīj),種 (tane),씨 (ssi),เม็ด (met),مبيقُ (mbegu),種子 (zhǒngzi),籽 (tsy),種子 (júng jí),تخم (tohum),mag
leaf,ቅጠል (qəṭäl),ورقة (wara'a),ݢَنْيِي (ganye),ورقة (wara'a),وَرَقَة (waraqah),ورقة (waraqa),𦽬 (lá),daun,ꦒꦺꦴꦝꦺꦴꦁ (godhong),ᜇᜑᜓᜈ᜔ (dahon),ಎಲೆ (ele),இலை (ilai),ఆకు (āku),পাতা (pata),पात (pāt),leaf,feuille,પાંદડું (pā̃dḍũ),पत्ता (pattā),برگ (barg),foglia,पान (pān),folha,лист (list),hoja,Blatt,پتا (pattā),پتا (patā),葉 (ha),잎 (ip),ใบไม้ (baimai),جَانِ (jani),葉子 (yèzi),葉子 (yiq tsy),葉 (yihp),ياپراق (yaprak),levél
root,ሥር (sər),جدر (gidr),سَيْوَا (saiwa),شرش (shirsh),جِذْر (jidhr),جذر (jizr),𣎚 (rễ),akar,ꦲꦺꦴꦪꦺꦴꦢ꧀ (oyod),ᜄᜆ᜔ (ugat),ಬೇರು (bēru),வேர் (vēr),వేరు (vēru),শিকড় (śikoṛ),जड़ (jaṛ),root,racine,મૂળ (mūḷ),जड़ (jaṛ),ریشه (riše),radice,मूळ (mūḷ),raiz,ко́рень (kórenʹ),raíz,Wurzel,جڑ (jaṛ),جڑھ (jaṛh),根 (ne),뿌리 (ppuri),รากไม้ (rakmai),مْزِيزِ (mzizi),根 (gēn),根 (kén),根 (gān),كوك (kök),gyökér
bark (of tree),ቅርፊት (qərfət),قشرة (ishra),ٻَوْ (ɓawo),قشرة ('ishra),قِشْرَة (qishrah),قشرة (qishrah),𥿺 (vỏ),pepagan,ꦧꦧꦏꦤ꧀ (babakan),ᜊᜎᜆ᜔ (balat),ತೊಗಟೆ (togaṭe),பட்டை (paṭṭai),బెరడు (beraḍu),ছাল (chal),छाल (chāl),bark,écorce,છાલ (chāl),छाल (chāl),پوست (pust),corteccia,साल (sāl),casca,кора́ (korá),corteza,Borke,چھال (chāl),چھل (chilla),樹皮 (juhi),껍질 (kkeopjil),เปลือกไม้ (plueakmai),قُومِي (gome),樹皮 (shùpí),樹皮 (zy bi),樹皮 (syuh peìh),قبوق (kabuk),kéreg
skin,ቆዳ (qoda),جلد (gild),فَتَا (fata),جلد (jild),جِلْد (jild),جلد (jild),皮 (da),kulit,ꦏꦸꦭꦶꦠ꧀ (kulit),ᜊᜎᜆ᜔ (balat),ಚರ್ಮ (carma),தோல் (tōl),తోలు (tōlu),চামড়া (camṛa),चमड़ी (chamṛī),skin,peau,ચામડી (cāmḍī),चमड़ी (camṛī),پوست (pust),pelle,त्वचा (tvacā),pele,ко́жа (kóža),piel,Haut,جلد (jild),چمڑی (camṛī),皮 (kawa),피부 (pibu),หนัง (nang),نقُوزِ (ngozi),皮 (pí),皮 (bi),皮 (peìh),درى (deri),bőr
flesh,ሥጋ (səga),لحمة (laḥma),نَمَا (nama),لحم (laḥm),لَحْم (laḥm),لحم (laḥm),𦧘 (thịt),daging,ꦢꦒꦶꦁ (daging),ᜎ᜙ᜈ᜔ (laman),ಮಾಂಸ (māṃsa),மாமிசம் (māmicam),మాంసం (māṁsaṁ),মাংস (maṅśo),मांस (māns),flesh,viande,માંસ (mā̃s),माँस (mā̃s),گوشت (gušt),carne,मास (mās),carne,мя́со (mjáso),carne,Fleisch,گوشت (gosht),ماس (mās),肉 (shishi),살 (sal),เนื้อ (nuea),ڽَمَا (nyama),肉 (ròu),肉 (gnioq),肉 (yuhk),ات (et),hús
blood,ደም (däm),دم (damm),جِنِي (jini),دم (damm),دَم (dam),دم (damm),𧖱 (máu),darah,ꦒꦼꦠꦶꦃ (getih),ᜇᜓᜄᜓ (dugo),ರಕ್ತ (rakta),இரத்தம் (rattam),రక్తము (raktamu),রক্ত (rokto),ख़ून (xūn),blood,sang,લોહી (lohī),ख़ून (xūn),خون (xun),sangue,रक्त (rakta),sangue,кровь (krovʹ),sangre,Blut,خون (xūn),لہو (lahū),血 (chi),피 (pi),เลือด (lueat),دَمُ (damu),血 (xiě),血 (shiuq),血 (hyut),قان (kan),vér
bone,አጥንት (aṭənt),عضم ('aḍm),قَشِي (ƙashi),عضم ('aḍm),عَظْم ('aẓm),عضم (ʿaḍm),𩩩 (xương),tulang,ꦧꦭꦸꦁ (balung),ᜊᜓᜆᜓ (buto),ಎಲುಬು (elubu),எலும்பு (elumpu),ఎముక (emuka),হাড় (haṛ),हड्डी (haḍḍī),bone,os,હાડકું (hāḍkũ),हड्डी (haḍḍī),استخوان (ostoxân),osso,हाड (hāḍ),osso,кость (kostʹ),hueso,Knochen,ہڈی (haḍḍī),ہڈی (haḍḍī),骨 (hone),뼈 (ppyeo),กระดูก (kraduk),مفُپَا (mfupa),骨頭 (gǔtou),骨頭 (kueq deu),骨 (gwāt),كميك (kemik),csont
grease/fat,ስብ (səb),دهن (dihn),قِيبَا (ƙiba),شحم (shaḥm),دُهْن (duhn),دهن (dihn),𦘫 (mỡ),lemak,ꦒꦗꦶꦃ (gajih),ᜆᜊ (taba),ಕೊಬ್ಬು (kobbu),கொழுப்பு (koḻuppu),కొవ్వు (kovvu),চর্বি (corbi),चरबी (charbī),grease,graisse,ચરબી (carbī),चरबी (carbī),چربو (čarbu),grasso,चरबी (carbī),gordura,жир (žir),grasa,Fett,چربی (carbī),چربی (carbī),脂 (abura),기름 (gireum),ไขมัน (khaiman),مَفُتَا (mafuta),脂肪 (zhīfáng),脂肪 (tsý fáon),脂肪 (jī fōng),ياغ (yağ),zsír
egg,እንቁላል (ənqulal),بيضة (bēḍa),قْوَيْ (ƙwai),بيضة (bēḍa),بَيْضَة (bayḍah),بيضة (bēḍah),𠨡 (trứng),telur,ꦲꦼꦤ꧀ꦝꦺꦴꦒ꧀ (endhog),ᜁᜆ᜔ᜎᜓᜄ᜔ (itlog),ಮೊಟ್ಟೆ (moṭṭe),முட்டை (muṭṭai),గుడ్డు (guḍḍu),ডিম (ḍim),अंडा (aṇḍā),egg,œuf,ઈંડું (ī̃ḍũ),अंडा (aṇḍā),تخم (toxm),uovo,अंडं (aṇḍaṁ),ovo,яйцо́ (jajcó),huevo,Ei,انڈہ (anḍā),آنڈا (āṇḍā),卵 (tamago),알 (al),ไข่ (khai),يَايِ (yai),蛋 (dàn),蛋 (de),蛋 (dáan),يومورطه (yumurta),tojás
horn,ቀንድ (qänd),قرن (qarn),قَهُو (ƙaho),قرن ('arn),قَرْن (qarn),قرن (garn),角 (sừng),tanduk,ꦱꦸꦔꦸ (sungu),ᜐᜓᜅᜌ᜔ (sungay),ಕೊಂಬು (kombu),கொம்பு (kompu),కొమ్ము (kommu),শিং (śiṅ),सींग (sīṅg),horn,corne,શીંગડું (śī̃gḍũ),सींग (sīṅg),شاخ (šâx),corno,शिंग (śiṅga),chifre,рог (rog),cuerno,Horn,سینگ (sīng),سِنگ (siṅg),角 (tsuno),뿔 (ppul),เขา (khao),پيمبِي (pembe),角 (jiǎo),角 (koq),角 (gok),بوينوز (boynuz),szarv
tail,ጅራት (ğərat),ديل (dīl),وُصِيَا (wutsiya),دنب (danab),ذَنَب (dhanab),ديل (dīl),𡳪 (đuôi),ekor,ꦧꦸꦤ꧀ꦠꦸꦠ꧀ (buntut),ᜊᜓᜈ᜔ᜆᜓᜆ᜔ (buntot),ಬಾಲ (bāla),வால் (vāl),తోక (tōka),লেজ (lej),पोँछ (põch),tail,queue,પૂંછડી (pū̃chḍī),पूँछ (pū̃ch),دم (dom),coda,शेपूट (śepūṭ),cauda,хвост (xvost),cola,Schwanz,پونچھ (pūnch),پُوچھ (pūch),尾 (o),꼬리 (kkori),หาง (hang),مكِيَا (mkia),尾巴 (wěiba),尾巴 (gni pó),尾 (méih),قويروق (kuyruk),farok
feather,ላባ (laba),ريشة (rīsha),ݢَشِي (gashi),ريشة (rīshe),رِيشَة (rīshah),ريش (rish),羽 (lông),bulu,ꦮꦸꦭꦸ (wulu),ᜊᜎᜑᜒᜊᜓ (balahibo),ಗರಿ (gari),இறகு (iṟaku),ఈక (īka),পর (por),पाँख (pā̃kh),feather,plume,પીંછું (pī̃chũ),पंख (paṅkh),پر (par),penna,पीस (pīs),pena,перо́ (peró),pluma,Feder,پر (par),کھنبھ (khambh),羽 (hane),깃털 (gitteol),ขนนก (khon nok),اُڽُويَا (unyoya),羽毛 (yǔmáo),羽毛 (yu mau),羽毛 (yúh mòuh),توی (tüy),toll
hair,ፀጉር (ṣägur),شعر (sha'r),سُومَا (suma),شعر (sha'r),شَعْر (sha'r),شعر (sha'r),髮 (tóc),rambut,ꦫꦩ꧀ꦧꦸꦠ꧀ (rambut),ᜊᜓᜑᜓᜃ᜔ (buhok),ಕೂದಲು (kūdalu),முடி (muṭi),వెంట్రుకలు (veṇṭrukalu),চুল (cul),बार (bār),hair,cheveux,વાળ (vāḷ),बाल (bāl),مو (mu),capello,केस (kes),cabelo,во́лос (vólos),pelo,Haar,بال (bāl),وال (vāl),髪 (kami),머리카락 (meorikarak),ผม (phom),ڽويلِي (nywele),頭髮 (tóufa),頭髮 (deu faq),頭髮 (tàuh faat),صاچ (saç),haj
head,ራስ (ras),راس (rās),كَيْ (kai),راس (rās),رَأْس (ra's),راس (rās),𦠘 (đầu),kepala,ꦱꦶꦫtext (sirah),ᜓᜎᜓ (ulo),ತಲೆ (tale),தலை (talai),తల (tala),মাথা (matha),मूँड़ी (mūṅṛī),head,tête,માથું (māthũ),सिर (sir),سر (sar),testa,डोकं (ḍokaṁ),cabeça,голова́ (golová),cabeza,Kopf,سر (sar),سِر (sir),頭 (atama),머리 (meori),หัว (hua),كِيچوَا (kichwa),頭 (tóu),頭 (deu),頭 (tàuh),باش (baş),fej
ear,ጆሮ (ğoro),ودن (widn),كُنْنِي (kunne),دان (dān),أُذُن (udhun),أضان (aḍān),耳 (tai),telinga,ꦏꦸꦥꦶꦁ (kuping),ᜆᜁᜅ (tainga),ಕಿವಿ (kivi),காது (kātu),చెవి (cevi),কান (kan),कान (kān),ear,oreille,કાન (kān),कान (kān),گوش (guš),orecchio,कान (kān),orelha,у́хо (úxo),oreja,Ohr,کان (kān),کن (kann),耳 (mimi),귀 (gwi),หู (hu),سِيكِيُو (sikio),耳朵 (ěrduo),耳朵 (gni tú),耳仔 (yíh jái),قولاق (kulak),fül
eye,ዓይን (ayn),عين ('ēn),اِدُو (ido),عين ('ēn),عَيْن ('ayn),عين (ʿayn),𦮹 (mắt),mata,ꦩꦿꦶꦥꦠ꧀ (mripat),᜙ᜆ (mata),ಕಣ್ಣು (kaṇṇu),கண் (kaṇ),కన్ను (kannu),চোখ (cōkh),आँख (ā̃kh),eye,œil,આંખ (ā̃kha),आँख (ā̃kh),چشم (češm),occhio,डोळा (ḍoḷā),olho,глаз (glaz),ojo,Auge,آنکھ (ā̃kh),اکھ (akkha),目 (me),눈 (nun),ตา (ta),جِيچُو (jicho),眼睛 (yǎnjing),眼睛 (nge cín),眼 (ngáahn),گوز (göz),szem
nose,አፍንጫ (afənč̣a),مناخير (manākhīr),هَنْچِي (hanci),منخار (munkhār),أَنْف (anf),نخرة (nukharah),𦠄 (mũi),hidung,ꦲꦶꦫꦸꦁ (irung),ᜁᜎᜓᜅ᜔ (ilong),ಮೂಗು (mūgu),மூக்கு (mūkku),ముక్కు (mukku),নাক (nak),नाक (nāk),nose,nez,નાક (nāk),नाक (nāk),بینی (bini),naso,नाक (nāk),nariz,нос (nos),nariz,Nase,ناک (nāk),نَک (nakka),鼻 (hana),코 (ko),จมูก (chamuk),پُوأ (pua),鼻子 (bízi),鼻頭 (biq deu),鼻 (beih),بورون (burun),orr
mouth,አፍ (af),بق (boqq),بَكِي (baki),تم (tumm),فَم (fam),خشم (khashum),命 (miệng),mulut,ꦕꦁꦏꦼꦩ꧀ (cangkem),ᜊᜒᜊᜒᜄ᜔ (bibig),ಬಾಯಿ (bāyi),வாய் (vāy),నోరు (nōru),মুখ (mukh),मुँह (mũh),mouth,bouche,મોં (mõ),मुँह (mũh),دهان (dahân),bocca,तोंड (toṇḍ),boca,рот (rot),boca,Mund,منہ (munh),مُنہ (mū̃h),口 (kuchi),입 (ip),ปาก (pak),كِيڽوَا (kinywa),嘴巴 (zuǐba),嘴巴 (tsy pó),嘴 (jéui),آغز (ağız),száj
tooth,ጥርስ (ṭərs),سنة (sinna),هَقُورِي (haƙori),سن (sinn),سِنّ (sinn),سن (sinn),𪘵 (răng),gigi,ꦲꦸꦤ꧀ꦠꦸ (untu),ᜅᜒᜉᜒᜈ᜔ (ngipin),ಹಲ್ಲು (hallu),பல் (pal),పన్ను (pannu),দাঁত (dãt),दाँत (dā̃t),tooth,dent,દાંત (dā̃t),दाँत (dā̃t),دندان (dandân),dente,दात (dāt),dente,зуб (zub),diente,Zahn,دانت (dānt),دند (dand),歯 (ha),이 (i),ฟัน (fan),جِينُو (jino),牙齒 (yáchǐ),牙齒 (nga tshy),牙 (ngàah),ديش (diş),fog
tongue,ምላስ (məlas),لسان (lisān),هَرْشِي (harshe),لسان (lsān),لِسَان (lisān),لسان (lisān),𦧜 (lưỡi),lidah,ꦲꦶꦭꦠ꧀ (ilat),ᜇᜒᜎ (dila),ನಾಲಗೆ (nālage),நாக்கு (nākku),నాలుక (nāluka),জিভ (jibh),जीभ (jībh),tongue,langue,જીભ (jībh),जीभ (jībh),زبان (zabân),lingua,जीभ (jībh),língua,язы́к (jazýk),lengua,Zunge,زبان (zabān),جیبھ (jībh),舌 (shita),혀 (hyeo),ลิ้น (lin),اُلِيمِ (ulimi),舌頭 (shétou),舌頭 (zeq deu),脷 (leih),ديل (dil),nyelv
claw/nail,ጥፍር (ṭəfər),ضافر (ḍāfir),فَرْچِي (farce),ضفر (ḍifir),ظُفْر (ẓufr),ضفر (ḍufur),𦦧 (móng),kuku,ꦏꦸꦏꦸ (kuku),ᜃᜓᜃᜓ (kuko),ಉಗುರು (uguru),நகம் (nakam),గోరు (gōru),নখ (nokh),नाख़ुन (nāxun),nail,ongle,નખ (nakh),नाख़ुन (nāxun),ناخن (nâxon),unghia,नख (nakh),unha,но́готь (nógotʹ),uña,Fingernagel,ناخن (nāxun),نہوں (nahuṅ),爪 (tsume),손톱 (sontop),เล็บ (lep),اُكُچَا (ukucha),指甲 (zhǐjia),手指甲 (seu tsy kaq),指甲 (jí gaap),طيرناق (tırnak),köröm
foot,እግር (əgər),رجل (rigl),قَفَا (ƙafa),إجر (ijr),قَدَم (qadam),كراع (kurā'),𨈓𨇒 (bàn chân),kaki,ꦱꦶꦏꦶꦭ꧀ (sikil),ᜉᜀ (paa),ಪಾದ (pāda),கால் (kāl),పాదము (pādamu),পা (pa),गोड़ (goṛ),foot,pied,પગ (pag),पैर (pair),پا (pâ),piede,पाऊल (pāūl),pé,стопа́ (stopá),pie,Fuß,پیر (pair),پَیر (pair),足 (ashi),발 (bal),เท้า (thao),مقُؤُ (mguu),腳 (jiǎo),腳 (ciaq),腳 (geuk),آياق (ayak),láb
knee,ጉልበት (gulbät),ركبة (rukba),ݢْوِيوَا (gwiwa),ركبة (rukbe),رُكْبَة (rukbah),ركبة (rukba),頭𦑃 (đầu gối),lutut,ꦝꦼꦁꦏꦸꦭ꧀ (dhengkul),ᜆᜓᜑᜓᜇ᜔ (tuhod),ಮಂಡಿ (maṇḍi),மூட்டு (mūṭṭu),మోకాలు (mōkālu),হাঁটু (hãṭu),ठेहुना (ṭhehunā),knee,genou,ઘૂંટણ (ghū̃ṭaṇ),घुटना (ghuṭnā),زانو (zânu),ginocchio,गुडघा (guḍghā),joelho,коле́но (koléno),rodilla,Knie,گھٹنا (ghuṭnā),گوڈا (goḍā),膝 (hiza),무릎 (mureup),เข่า (khao),قُوتِ (goti),膝蓋 (xīgài),腳饅頭 (ciaq moe deu),膝頭 (sāt tàuh),ديز (diz),térd
hand,እጅ (əğğ),ايد (īd),هَنْنُو (hannu),إيد (īd),يَد (yad),يد (yad),𨈓𦿿 (bàn tay),tangan,ꦠꦔꦤ꧀ (tangan),ᜃ᜙ᜌ᜔ (kamay),ಕೈ (kai),கை (kai),చెయ్యి (ceyyi),হাত (hat),हाथ (hāth),hand,main,હાથ (hāth),हाथ (hāth),دست (dast),mano,हात (hāt),mão,рука́ (ruká),mano,Hand,ہاتھ (hāth),ہتھ (hattha),手 (te),손 (son),มือ (mue),مكُونُو (mkono),手 (shǒu),手 (seu),手 (sáu),ال (el),kéz
belly,ሆድ (hod),بطن (baṭn),چِكِي (ciki),بطن (baṭen),بَطْن (baṭn),بطن (baṭn),𦡟 (bụng),perut,ꦮꦼꦠꦼꦁ (weteng),ᜆᜒᜌᜈ᜔ (tiyan),ಹೊಟ್ಟೆ (hoṭṭe),வயிறு (vayiṟu),పొట్ట (poṭṭa),পেট (peṭ),पेट (peṭ),belly,ventre,પેટ (peṭ),पेट (peṭ),شکم (šekam),pancia,पोट (poṭ),barriga,живо́т (živót),barriga,Bauch,پیٹ (peṭ),ڈھڈ (ḍhiḍ),腹 (hara),배 (bae),ท้อง (thong),تُمبُو (tumbo),肚子 (dùzi),肚皮 (du bi),肚 (tóuh),قارن (karın),has
neck,አንገት (angät),رقبة (raqaba),وُيَا (wuya),رقبة (raqabe),رَقَبَة (raqabah),رقبة (ragaba),𦝄 (cổ),leher,ꦒꦸꦭꦸ (gulu),ᜎᜄ᜔ (leeg),ಕತ್ತು (kattu),கழுத்து (kaḻuttu),మెడ (meḍa),গলা (gola),गरदन (gardan),neck,cou,ગળું (gaḷũ),गरदन (gardan),گردن (gardan),collo,गळा (gaḷā),pescoço,ше́я (šéja),cuello,Hals,گردن (gardan),گردن (gardan),首 (kubi),목 (mok),คอ (kho),شِينقُو (shingo),脖子 (bózi),頭頸 (deu cin),頸 (géng),بوين (boyun),nyak
breast,ጡት (ṭut),صدر (ṣadr),نُونُو (nono),صدر (ṣeder),صَدْر (ṣadr),صدر (ṣadr),乳 (vú),dada,ꦥꦪꦸꦢꦫ (payudara),ᜇᜒᜊ᜔ᜇᜒᜊ᜔ (dibdib),ಎದೆ (ede),மார்பகம் (mārpakam),రొమ్ము (rom'mu),স্তন (stana),छाती (chhati),breast,sein,સ્તન (stana),स्तन (stan),سینه (sineh),seno,स्तन (stan),peito,грудь (grud'),mama,Brust,چھاتی (chhati),چھاتی (chātī),胸 (mune),가슴 (gaseum),หน้าอก (h̄n̂āxk),زِيوَا (ziwa),胸部 (xiōngbù),胸 (shíon),胸 (hūng),گوگوس (göğüs),mell
heart,ልብ (ləbb),قلب (qalb),زُچِيَا (zuciya),قلب ('alb),قَلْب (qalb),قلب (galb),心 (tim),jantung,ꦗꦤ꧀ꦠꦸꦁ (jantung),ᜉᜓᜐᜓ (puso),ಹೃದಯ (hṛdaya),இதயம் (itayam),గుండె (guṇḍe),হৃদয় (hridoẏ),हीव (hīv),heart,cœur,હૈયું (haiyũ),दिल (dil),دل (del),cuore,हृदय (hruday),coração,се́рдце (sérdce),corazón,Herz,دل (dil),دِل (dil),心 (kokoro),심장 (simjang),หัวใจ (huachai),مُويُو (moyo),心臟 (xīnzàng),心 (shín),心 (sām),يورك (yürek),szív
liver,ጉበት (gubät),كبد (kibd),هَنْتَا (hanta),كبدة (kibde),كَبِد (kabid),كبدة (kibdah),肝 (gan),hati,ꦲꦠꦶ (ati),ᜀᜆᜌ᜔ (atay),ಪಿತ್ತಜನಕಾಂಗ (pittajanakāṅga),ஈரல் (īral),కాలేయం (kālēyaṁ),কলিজা (kolija),कलेजा (kaleja),liver,foie,યકૃત (yakŕt),जिगर (jigar),جگر (jegar),fegato,यकृत (yakrut),fígado,пе́чень (péčenʹ),hígado,Leber,جگر (jigar),جگر (jigar),肝 (kimo),간 (gan),ตับ (tap),اِينِ (ini),肝 (gān),肝 (kóe),肝 (gōn),قرا جگر (karaciğer),máj
drink (v.),መጠጣት (mäṭäṭṭat),شرب (shirib),شَا (sha),شرب (shirib),شَرِبَ (shariba),شرب (sharab),𦜓 (uống),minum,ꦲꦺꦴꦩ꧀ꦧꦺ (ombé),ᜁᜈᜓ᜙᜔ (inom),ಕುಡಿಯುವುದು (kuḍiyuvudu),குடித்தல் (kuṭittal),తాగడం (tāgaḍaṁ),পান করা (pān kôrā),पीअल (pīal),drink,boire,પીવું (pīvũ),पीना (pīnā),نوشیدن (nušidan),bere,पिणे (piṇe),beber,пить (pitʹ),beber,trinken,پینا (pīnā),پینا (pīṇā),飲む (nomu),마시다 (masida),ดื่ม (duem),كُڽوَا (kunywa),喝 (hē),喝 (haq),飲 (yám),ايچمك (içmek),inni
eat (v.),መብላት (mäblat),كل (kal),چِي (ci),أكل (akal),أَكَلَ (akala),أكل (akal),𩛷 (ăn),makan,ꦥꦫꦔꦤ꧀ (pangan),ᜃᜁᜈ᜔ (kain),ತಿನ್ನುವುದು (tinnuvudu),சாப்பிடுதல் (cāppiṭutal),తినడం (tinaḍaṁ),খাওয়া (khaōẇa),खाइल (khāil),eat,manger,ખાવું (khāvũ),खाना (khānā),خوردن (xordan),mangiare,खाणे (khāṇe),comer,есть (jestʹ),comer,essen,کھانا (khānā),کھانا (khāṇā),食う (kuu),먹다 (meokda),กิน (kin),كُولَا (kula),吃 (chī),吃 (chiq),食 (sihk),يمك (yemek),enni
bite (v.),መንከስ (mänkäs),عض ('aḍḍ),چِيزُو (cizo),عض ('aḍḍ),عَضَّ ('aḍḍa),عض (ʿaḍḍ),𢯦 (cắn),gigit,ꦕꦺꦴꦏꦺꦴꦠ꧀ (cokot),ᜃᜄᜆ᜔ (kagat),ಕಡಿಯುವುದು (kaḍiyuvudu),கடித்தல் (kuṭittal),కొరకడం (korakaḍaṁ),কামড়ানো (kamṛanō),काटल (kāṭal),bite,mordre,બચકું ભરવું (backũ bharvũ),काटना (kāṭnā),گزیدن (gazidan),mordere,चावणे (ċāvṇe),morder,куса́ть (kusátʹ),morder,beißen,کاٹنا (kāṭnā),چُنڈنا (cūṇḍṇā),噛む (kamu),물다 (mulda),กัด (kat),كُڠَاتَا (kung'ata),咬 (yǎo),咬 (ngau),咬 (ngáauh),اصيرمق (ısırmak),harapni
see (v.),ማየት (mayät),شاف (shāf),ݢَنِي (gani),شاف (shāf),رَأَى (ra'ā),شاف (shāf),𦼇 (thấy),lihat,ꦢꦼꦊꦁ (deleng),ᜃᜒᜆ (kita),ನೋಡುವುದು (nōḍuvudu),பார்த்தல் (pārttal),చూడటం (cūḍaṭaṁ),দেখা (dekha),देखल (dekhal),see,voir,જોવું (jovũ),देखना (dekhnā),دیدن (didan),vedere,पाहणे (pāhṇe),ver,ви́деть (vídetʹ),ver,sehen,دیکھنا (dekhnā),ویکھنا (vekhṇā),見る (miru),보다 (boda),เห็น (hen),كُؤُونَا (kuona),看 (kàn),看 (khoe),睇 (tái),گورمك (görmek),látni
hear (v.),መስማት (mäsmat),سمع (simi'),جِي (ji),سمع (simi'),سَمِعَ (sami'a),سِمِع (simiʿ),𦖑 (nghe),dengar,ꦏꦿꦸꦔꦸ (krungu),ᜇᜒᜈᜒᜄ᜔ (dinig),ಕೇಳುವುದು (kēḷuvudu),கேட்டல் (kēṭṭal),వినడం (vinaḍaṁ),শোনা (śōna),सुनल (sunal),hear,entendre,સાંભળવું (sā̃bhaḷvũ),सुनना (sunnā),شنیدن (šenidan),sentire,ऐकणे (aikṇe),ouvir,слы́шать (slýšatʹ),oír,hören,سننا (sunnā),سُننا (suṇnā),聞く (kiku),듣다 (deutda),ได้ยิน (daiyin),كُسِيكِيَا (kusikia),聽 (tīng),聽 (thín),聽 (tēng),اشيتمك (işitmek),hallani
know (v.),ማወቅ (mawäq),عرف ('irif),سَنِي (sani),عرف ('irif),عَرَفَ ('arafa),عرف (ʿirif),別 (biết),tahu,ꦲꦼꦂꦠꦶ (ngerti),ᜀᜎ᜙᜔ (alam),ತಿಳಿಯುವುದು (tiḷiyuvudu),அறிதல் (aṟital),తెలుసుకోవడం (telusukōvaḍaṁ),জানা (jana),जानल (jānal),know,savoir,જાણવું (jāṇvũ),जानना (jānnā),دانستن (dânestan),sapere,जाणणे (j̈āṇṇe),saber,знать (znatʹ),saber,wissen,جاننا (jānnā),جاننا (jāṇnā),知る (shiru),알다 (alda),รู้ (ru),كُجُا (kujua),知道 (zhīdào),曉得 (shiau teq),知道 (jī douh),بيلمك (bilmek),tudni
sleep (v.),መተኛት (mätäñat),نام (nām),بَرْچِي (barci),نام (nām),نَامَ (nāma),نام (nām),𦄫 (ngủ),tidur,ꦠꦸꦫꦸ (turu),ᜆᜓᜎᜓᜄ᜔ (tulog),ನಿದ್ರಿಸುವುದು (nidrisuvudu),தூங்குதல் (tūṅkutal),కునకడం (kunakaḍaṁ),ঘুমানো (ghumanō),सूतल (sūtal),sleep,dormir,ઊંઘવું (ū̃ghavũ),सोना (sonā),خوابیدن (xâbidan),dormire,झोपणे (j̈hopṇe),dormir,спать (spatʹ),dormir,schlafen,سونا (sonā),سونا (sauṇā),寝る (neru),자다 (jada),นอน (non),كُلَالَا (kulala),睡覺 (shuìjiào),睏覺 (khuen kau),瞓覺 (fan gaau),اويومق (uyumak),aludni
die (v.),መሞት (mämot),مات (māt),مُوتُوَا (mutuwa),مات (māt),مَاتَ (māta),مات (māt),𣩂 (chết),mati,ꦩꦠꦶ (mati),᜙ᜆᜌ᜔ (matay),ಸಾಯುವುದು (sāyuvudu),சாதல் (cātal),చావడం (cāvaḍaṁ),মরা (mora),मरल (maral),die,mourir,મરવું (marvũ),मरना (marnā),مردن (mordan),morire,मरणे (marṇe),morrer,умира́ть (umirátʹ),morir,sterben,مرنا (marnā),مرنا (marnā),死ぬ (shinu),죽다 (jukda),ตาย (tai),كُوفَا (kufa),死 (sǐ),死 (shi),死 (séi),اولمك (ölmek),meghalni
kill (v.),መግደል (mägdäl),قتل (qatal),كَشِيوَا (kashewa),قتل (qatal),قَتَلَ (qatala),كتل (katal),𢩊 (giết),bunuh,ꦥꦠꦺꦤꦶ (patèni),ᜉᜆᜌ᜔ (patay),ಕೊಲ್ಲುವುದು (kolluvudu),கொல்லுதல் (kollutal),చంపడం (campaḍaṁ),মারা (mara),मारल (māral),kill,tuer,મારવું (mārvũ),मारना (mārnā),کشتن (koštan),uccidere,मारणे (mārṇe),matar,убива́ть (ubivátʹ),matar,töten,مارنا (mārnā),مارنا (mārnā),殺す (korosu),죽이다 (jugida),ฆ่า (kha),كُؤُوأ (kuua),殺 (shā),殺 (saq),殺 (saat),اولدورمك (öldürmek),megölni
swim (v.),መዋኘት (mäwañät),عام (ʿām),اِيُو (iyo),سبح (sibaḥ),سَبَحَ (sabaḥa),عام (ʿām),𣴓 (bơi),renang,ꦭꦔꦶ (langi),ᜎᜅᜓᜌ᜔ (langoy),ಈಜುವುದು (ījuvudu),நீந்துதல் (nīntutal),ఈదడం (īdaḍaṁ),সাঁতরানো (śãtranō),तैरल (tairal),swim,nager,તરવું (tarvũ),तैरना (tairnā),شنا کردن (šenâ kardan),nuotare,पोहणे (pohṇe),nadar,пла́вать (plávatʹ),nadar,schwimmen,تیرنا (tairnā),تیرنا (tairnā),泳ぐ (oyogu),수영하다 (suyeonghada),ว่ายน้ำ (wai nam),كُؤُوقيليَا (kuogelea),游泳 (yóuyǒng),游泳 (yeu ion),游水 (yàuh seúi),يوزمك (yüzmek),úszni
fly (v.),መብረር (mäbrär),طار (ṭār),تَاشِي (tashi),طار (ṭār),طَارَ (ṭāra),طار (ṭār),𩙻 (bay),terbang,ꦩꦧꦸꦂ (mabur),ᜎᜒᜉᜇ᜔ (lipad),ಹಾರುವುದು (hāruvudu),பறத்தல் (paṟattal),ఎగరడం (egaraḍaṁ),ওড়া (ōṛa),उड़ल (uṛal),fly,voler,ઉડવું (uḍavũ),उड़ना (uṛnā),پریدن (paridan),volare,उडणे (uḍṇe),voar,лета́ть (letátʹ),volar,fliegen,اڑنا (uṛnā),اڈنا (uḍḍaṇā),飛ぶ (tobu),날다 (nalda),บิน (bin),كُوپَاأ (kupaa),飛 (fēi),飛 (fí),飛 (fēi),اوچمق (uçmak),repülni
walk (v.),መራመድ (märamäd),مشى (masha),تَفِيَا (tafiya),مشى (masha),مَشَى (mashā),مشى (masha),𠫾 (đi),jalan,ꦭꦏꦸ (mlaku),ᜎᜃᜇ᜔ (lakad),ನಡೆಯುವುದು (naḍeyuvudu),நடத்தல் (naṭattal),నడవడం (naḍavaḍaṁ),হাঁটা (hãṭa),चलल (chalal),walk,marcher,ચાલવું (cālvũ),चलना (calnā),راه رفتن (râh raftan),camminare,चालणे (ċālṇe),andar,ходи́ть (xodítʹ),caminar,gehen,چلنا (calnā),ٹرنا (turnā),歩く (aruku),걷다 (geotda),เดิน (doen),كُتيمبيَا (kutembea),走路 (zǒulù),走 (tseu),行路 (hàahng louh),يورومك (yürümek),járni
come (v.),መምጣት (mämṭat),جه (ge),زُوَا (zuwa),إجا (ija),جَاءَ (jā'a),جاء (jā),𦤾 (đến),datang,ꦠꦼꦏ (teka),ᜇᜆᜒᜅ᜔ (dating),ಬರುವುದು (baruvudu),வருதல் (varutal),రావడం (rāvaḍaṁ),আসা (aśa),आइल (āil),come,venir,આવવું (āvavũ),आना (ānā),آمدن (âmadan),venire,येणे (yeṇe),vir,приходи́ть (prixodítʹ),venir,kommen,آنا (ānā),آؤنا (āuṇā),来る (kuru),오다 (oda),มา (ma),كُوجَا (kuja),來 (lái),來 (le),嚟 (làih),گلمك (gelmek),jönni
lie (down) (v.),መጋደም (mägadäm),نام (nām),كْوَنْتَوَا (kwantawa),تسطّح (tsaṭṭaḥ),رَقَدَ (raqada),رقد (ragad),𦣰 (nằm),baring,ꦭꦼꦏꦂ (lêkar),ᜑᜒᜄ (higa),ಮಲಗುವುದು (malaguvudu),படுத்தல் (paṭuttal),పడుకోవడం (paḍukōvaḍaṁ),শোয়া (śōẇa),लेटल (leṭal),lie,s’étendre,સુવું (suvũ),लेटना (leṭnā),دراز کشیدن (derâz kešidan),distendersi,आडवे होणे (āḍve hoṇe),deitar-se,лежа́ть (ležátʹ),echarse,liegen,لیٹنا (leṭnā),لیٹنا (lēṭṇā),横たわる (yokotawaru),눕다 (nupda),นอน (non),كُلَالَا چِينِ (kulala chini),躺 (tǎng),躺 (thaon),瞓 (fan),ياتمق (yatmak),feküdni
sit (v.),መቀመጥ (mäqämmäṭ),قعد (qa'ad),زَوْنَوَا (zaunawa),قعد ('a'ad),جَلَسَ (jalasa),قعد (ga'ad),𡎝 (ngồi),duduk,ꦭꦸꦔ꧀ꦒꦸꦃ (lungguh),ᜁᜉᜓ (upo),ಕೂರುವುದು (kūruvudu),உட்காருதல் (uṭkārutal),కూర్చోవడం (kūrcōvaḍaṁ),বসা (bośa),बैठल (baiṭhal),sit,s’asseoir,બેસવું (besvũ),बैठना (baiṭhnā),نشستن (nešastan),sedersi,बसणे (basṇe),sentar-se,сиде́ть (sidétʹ),sentarse,sitzen,بیٹھنا (baiṭhnā),بہنا (bahiṇā),座る (suwaru),앉다 (anta),นั่ง (nang),كُكَاأ (kukaa),坐 (zuò),坐 (zu),坐 (chóh),اوطورمق (oturmak),ülni
stand (v.),መቆም (mäqom),وقف (wa'af),صَيُوَا (tsayuwa),وقف (wa''af),وَقَفَ (waqafa),وقف (wagaf),𨅸 (đứng),diri,ꦲꦢꦼꦒ꧀ (adeg),ᜆᜌᜓ (tayo),ನಿಲ್ಲುವುದು (nilluvudu),நில்லுதல் (nillutal),నిలుచోవడం (nilucōvaḍaṁ),দাঁড়ানো (dãṛanō),ठाड़ होखल (ṭhāṛ hokhal),stand,se lever,ઊભવું (ūbhavũ),खड़ा होना (khaṛā honā),ایستادن (istâdan),stare in piedi,उभे राहणे (ubhe rāhṇe),pôr-se de pé,стоя́ть (stojátʹ),levantarse,stehen,کھڑا ہونا (khaṛā honā),کھڑنا (khaṛhnā),立つ (tatsu),서다 (seoda),ยืน (yuen),كُسِيمَامَا (kusimama),站 (zhàn),立 (liq),企 (kéih),دورمق (durmak),állni
give (v.),መስጠት (mäsṭät),ادى (adda),بَيَوَا (bayawa),أعطى ('a'ṭa),أَعْطَى (a'ṭā),أدى (adda),𠳒 (cho),beri,ꦮꦺꦤꦺꦃ (wènèh),ᜊᜒᜄᜌ᜔ (bigay),ಕೊಡುವುದು (koḍuvudu),கொடுத்தல் (koṭuttal),ఇవ్వడం (ivvaḍaṁ),দেওয়া (deōẇa),देअल (deal),give,donner,આપવું (āpavũ),देना (denā),دادن (dâdan),dare,देणे (deṇe),dar,дава́ть (davátʹ),dar,geben,دینا (denā),دینا (dēṇā),与える (ataeru),주다 (juda),ให้ (hai),كُوپَا (kupa),給 (gěi),撥 (peq),畀 (béi),ويرمك (vermek),adni
say (v.),ማለት (malät),قال (qāl),چِيوَا (cewa),قال (qāl),قَالَ (qāla),قال (gāl),𠊛 (nói),kata,ꦲꦺꦴꦩꦺꦴꦁ (omong),ᜐᜊᜒ (sabi),ಹೇಳುವುದು (hēḷuvudu),சொல்லுதல் (collutal),చెప్పడం (ceppaḍaṁ),বলা (bola),कहल (kahal),say,dire,બોલવું (bolvũ),कहना (kahnā),گفتن (goftan),dire,म्हणणे (mhaṇṇe),dizer,говори́ть (govorítʹ),decir,sagen,کہنا (kahnā),آکھنا (ākhaṇā),言う (iu),말하다 (malhada),พูด (phut),كُسيمَا (kusema),說 (shuō),講 (kaon),講 (góng),ديمك (demek),mondani
sun,ፀሐይ (ṣähay),شمس (shams),رَنَا (rana),شمس (shams),شَمْس (shams),شمس (shams),𡗶 (mặt trời),matahari,ꦱꦿꦺꦔꦺꦔ꺺 (srengéngé),ᜀᜇᜏ᜔ (araw),ಸೂರ್ಯ (sūrya),சூரியன் (cūriyaṉ),సూర్యుడు (sūryuḍu),সূর্য (śurjo),सूरज (sūraj),sun,soleil,સૂર્ય (sūrya),सूरज (sūraj),خورشید (xoršid),sole,सूर्य (sūrya),sol,со́лнце (sólnce),sol,Sonne,سورج (sūraj),سُورج (sūraj),日 (hi),해 (hae),ตะวัน (tawan),جُوَا (jua),太陽 (tàiyáng),太陽 (tha yaon),太陽 (taai yèuhng),گونش (güneş),nap
moon,ጨረቃ (č̣äräqa),قمر (qamar),وَتَا (wata),قمر ('amar),قَمَر (qamar),قمر (gamar),𩈘𣎦 (mặt trăng),bulan,ꦫꦼꦩ꧀ꦧꦸꦭꦤ꧀ (rembulan),ᜊᜓᜏᜈ᜔ (buwan),ಚಂದ್ರ (candra),நிலா (nilā),చంద్రుడు (candruḍu),চাঁদ (cãd),चाँद (chānd),moon,lune,ચંદ્ર (candra),चाँद (chānd),ماه (mâh),luna,चंद्र (candra),lua,луна́ (luná),luna,Mond,چاند (cānd),چن (cann),月 (tsuki),달 (dal),เดือน (duean),مويزِ (mwezi),月亮 (yuèliang),月亮 (yuq liaon),月亮 (yuht leuhng),آى (ay),hold
star,ኮከብ (kokäb),نجمة (nigma),تَوْرَرُو (tauraro),نجمة (nijme),نَجْم (najm),نجمة (najma),𣇟 (sao),bintang,ꦭꦶꦤ꧀ꦠꦁ (lintang),ᜊᜒᜆᜓᜁᜈ᜔ (bituin),ನಕ್ಷತ್ರ (nakṣatra),நட்சத்திரம் (naṭcattiram),నక్షత్రం (nakṣatraṁ),তারা (tara),तारा (tārā),star,étoile,તારો (tāro),तारा (tārā),ستاره (setâre),stella,तारा (tārā),estrela,звезда́ (zvezdá),estrella,Stern,ستارہ (sitārā),تارا (tārā),星 (hoshi),별 (byeol),ดาว (dao),ڽُوتَا (nyota),星星 (xīngxing),星星 (shín shín),星 (sīng),يلدز (yıldız),csillag
water,ውሃ (wəha),مية (mayya),رُوَا (ruwa),مي (mayy),مَاء (mā'),موية (moya),渃 (nước),air,ꦧꦚꦸ (banyu),ᜆᜓᜊᜒᜄ᜔ (tubig),ನೀರು (nīru),நீர் (nīr),నీరు (nīru),জল (jol),पानी (pānī),water,eau,પાણી (pāṇī),पानी (pānī),آب (âb),acqua,पाणी (pāṇī),água,вода́ (vodá),agua,Wasser,پانی (pānī),پانی (pāṇī),水 (mizu),물 (mul),น้ำ (nam),مَاجِ (maji),水 (shuǐ),水 (sy),水 (seúi),صو (su),víz
rain,ዝናብ (zənab),مطر (maṭar),رُوَن سَمَا (ruwan sama),شتا (shita),مَطَر (maṭar),مطر (maṭar),𩄛 (mưa),hujan,ꦲꦸꦢꦤ꧀ (udan),ᜓᜎᜈ᜔ (ulan),ಮಳೆ (maḷe),மழை (maḻai),వర్షం (varṣaṁ),বৃষ্টি (briśṭi),बरखा (barkhā),rain,pluie,વરસાદ (varsād),बारिश (bāriś),باران (bârân),pioggia,पाऊस (pāūs),chuva,дождь (doždʹ),lluvia,Regen,بارش (barish),میہ (mī̃h),雨 (ame),비 (bi),ฝน (fon),مْڤُؤَا (mvua),雨 (yǔ),雨 (yu),雨 (yúh),ياغمور (yağmur),eső
stone,ድንጋይ (dəngay),حجر (ḥagar),دُوصِي (dutse),حجر (ḥajar),حَجَر (ḥajar),حجر (ḥajar),𥒥 (đá),batu,ꦮꦠꦸ (watu),ᜊᜆᜓ (bato),ಕಲ್ಲು (kallu),கல் (kal),రాయి (rāyi),পাথর (pathor),पत्थल (patthal),stone,pierre,પથ્થર (paththar),पत्थर (patthar),سنگ (sang),sasso,दगड (dagaḍ),pedra,ка́мень (kámenʹ),piedra,Stein,پتھر (patthar),پتھر (patthar),石 (ishi),돌 (dol),หิน (hin),جِيوِي (jiwe),石頭 (shítou),石頭 (zaq deu),石 (sehk),طاش (taş),kő
sand,አሸዋ (ašäwa),رملة (ramla),رَيْرَيِي (rairayi),رمل (raml),رَمْل (raml),رملة (ramla),𣋁 (cát),pasir,ꦮꦼꦝꦶ (wedhi),ᜊᜓᜑᜅᜒᜈ᜔ (buhangin),ಮರಳು (maraḷu),மணல் (maṇal),ఇసుక (isuka),বালি (bali),बालू (bālū),sand,sable,રેતી (retī),रेत (ret),شن (šen),sabbia,वाळू (vāḷū),areia,песо́к (pesók),arena,Sand,ریت (ret),ریت (ret),砂 (suna),모래 (morae),ทราย (sai),مچَانقَا (mchanga),沙 (shā),沙子 (só tsy),沙 (sāa),قوم (sand),homok
earth/soil,መሬት (märet),ارض (arḍ),قَسَا (ƙasa),أرض (arḍ),أَرْض (arḍ),واطة (wāṭa),𡐙 (đất),bumi,ꦭꦼꦩꦃ (lemah),ᜎᜓᜉ (lupa),ನೆಲ (nela),பூமி (pūmi),మన్ను (mannu),মাটি (maṭi),ज़मीन (zamīn),earth,terre,ધરતી (dhartī),धरती (dhartī),زمین (zamin),terra,पृथ्वी (pruthvī),terra,земля́ (zemljá),tierra,Erde,زمین (zamīn),دھرتی (dhartī),土 (tsuchi),흙 (heuk),ดิน (din),اُدُونقُو (udongo),土 (tǔ),爛泥 (na gni),泥 (nàih),ير (yer),föld
cloud,ደመና (dämäna),سحابة (saḥāba),ݢَجِمَرِي (gajimare),غيمة (ghayme),سَحَابَة (saḥābah),غيم (ghēm),𩄲 (mây),awan,ꦩꦺꦒ (méga),ᜓᜎᜉ᜔ (ulap),ಮೋಡ (mōḍa),மேகம் (mēkam),మబ్బు (mabbu),মেঘ (megh),बदरी (badrī),cloud,nuage,વાદળ (vādaḷ),बादल (bādal),ابر (abr),nuvola,ढग (ḍhag),nuvem,о́блако (óblako),nube,Wolke,بادل (bādal),بدل (baddal),雲 (kumo),구름 (gureum),เมฆ (mek),وِينقُ (wingu),雲 (yún),雲 (yun),雲 (wàhn),بولوط (bulut),felhő
smoke,ጢስ (ṭis),دخان (dukhān),هَيَقِي (hayaƙi),دخان (dukhkhān),دُخَان (dukhān),دخان (dukhkhān),𡌦 (khói),asap,ꦲꦱꦥ꧀ (asap),ᜓᜐᜓᜃ᜔ (usok),ಹೊಗೆ (hoge),புகை (pukai),పొగ (poga),ধোঁয়া (dhō̃ẇa),धुआँ (dhuā̃),smoke,fumée,ધુમાડો (dhumāḍo),धुआँ (dhuā̃),دود (dud),fumo,धूर (dhūr),fumo,дым (dym),humo,Rauch,دھواں (dhūā̃),دھُواں (dhū̃ā̃),煙 (kemuri),연기 (yeon-gi),ควัน (khwan),مُوشِ (moshi),煙 (yān),煙 (í),煙 (yīn),دومان (duman),füst
fire,እሳት (əsat),نار (nār),وُتَا (wuta),نار (nār),نَار (nār),نار (nār),𤈗 (lửa),api,ꦒꦼꦤꦶ (geni),ᜀᜉᜓᜌ᜔ (apoy),ಬೆಂಕಿ (beṅki),தீ (tī),మంట (maṇṭa),আগুন (agun),आग (āg),fire,feu,આગ (āga),आग (āg),آتش (âtaš),fuoco,आग (āg),fogo,ого́нь (ogónʹ),fuego,Feuer,آگ (āg),اگ (agga),火 (hi),불 (bul),ไฟ (fai),مُوتُو (moto),火 (huǒ),火 (hu),火 (fó),آتش (ateş),tűz
ash,አመድ (amäd),رماد (rumād),تُوكَا (toka),رماد (ramād),رَمَاد (ramād),رماد (ramād),𥔦 (tro),abu,ꦲꦮꦸ (awu),ᜀᜊᜓ (abo),ಬೂದಿ (būdi),சாம்பல் (cāmpal),బూడిద (būḍida),ছাই (chai),राख (rākh),ash,cendre,રાખ (rākh),राख (rākh),خاکستر (xâkestar),cenere,राख (rākh),cinzas,зола́ (zolá),cenizas,Asche,راکھ (rākh),سواہ (suāha),灰 (hai),재 (jae),เถ้า (thao),جِيڤُ (jivu),灰 (huī),灰 (húe),灰 (fūi),كول (kül),hamu
burn (brightly) (v.),መቃጠል (mäqaṭṭäl),حرق (ḥaraq),قُونِيوَا (ƙonewa),حرق (ḥaraq),حَرَقَ (ḥaraqa),حرق (ḥaraq),𤓁 (đốt),bakar,ꦏꦺꦴꦧꦺꦴꦁ (kobong),ᜐᜓᜈᜓᜄ᜔ (sunog),ಉರಿಯುವುದು (uriyuvudu),எரிதல் (erital),కాలడం (kālaḍaṁ),পোড়া (pōṛa),जरल (jaral),burn,brûler,બળવું (baḷvũ),जलना (jalnā),سوختن (suxtan),bruciare,जळणे (j̈aḷṇe),arder,горе́ть (gorétʹ),quemar,brennen,جلنا (jalnā),جلنا (jalnā),燃える (moeru),타다 (tada),เผา (phao),كُواكَا (kuwaka),燒 (shāo),燒 (sáu),燒 (sīu),يانمق (yanmak),égni
path,መንገድ (mängäd),طريق (ṭarīq),هَنْيَا (hanya),طريق (ṭarīq),طَرِيق (ṭarīq),طريق (ṭarīg),塘 (đường),jalan,ꦢꦭꦤ꧀ (dalan),ᜇᜀᜈ᜔ (daan),ಹಾದಿ (hādi),சாலை (cālai),బాట (bāṭa),পথ (poth),सड़क (saṛak),path,route,રસ્તો (rasto),सड़क (saṛak),راه (râh),strada,रस्ता (rastā),estrada,доро́га (doróga),camino,Straße,سڑک (saṛak),سڑک (saṛak),道 (michi),길 (gil),ทาง (thang),نـجِيَا (njia),路 (lù),路 (lu),路 (louh),يول (yol),út
mountain,ተራራ (tärara),جبل (gabal),دُوصِي (dutse),جبل (jabal),جَبَل (jabal),جبل (jabal),𡶀 (núi),gunung,ꦒꦸꦤꦸꦁ (gunung),ᜊᜓᜈ᜔ᜇᜓᜃ᜔ (bundok),ಪರ್ವತ (parvata),மலை (malai),కొండ (koṇḍa),পাহাড় (pahaṛ),पहाड़ (pahāṛ),mountain,montagne,પહાડ (pahāḍ),पहाड़ (pahāṛ),کوه (kuh),montagna,डोंगर (ḍoṅgar),montanha,гора́ (gorá),montaña,Berg,پہاڑ (pahāṛ),پہاڑ (pahāṛ),山 (yama),산 (san),ภูเขา (phukhao),ملِيمَا (mlima),山 (shān),山 (sé),山 (sāan),طاغ (dağ),hegy
red,ቀይ (qäyy),احمر (aḥmar),جَا (ja),أحمر (aḥmar),أَحْمَر (aḥmar),أحمر (aḥmar),𧹯 (đỏ),merah,ꦲꦧꦁ (abang),ᜉᜓᜎ (pula),ಕೆಂಪು (kempu),சிவப்பு (civappu),ఎర్ర (erra),লাল (lal),लाल (lāl),red,rouge,લાલ (lāl),लाल (lāl),سرخ (sorx),rosso,लाल (lāl),vermelho,кра́сный (krásnyj),rojo,rot,سرخ (surkh),لال (lāl),赤い (akai),빨갛다 (ppalgata),แดง (daeng),ڽيكُندُ (nyekundu),紅 (hóng),紅 (ghon),紅 (hùhng),قرمزى (kırmızı),piros
green,አረንጓዴ (ärängwade),اخضر (akhḍar),كُورِي (kore),أخضر (akhḍar),أَخْضَر (akhḍar),أخضر (akhḍar),青 (xanh),hijau,ꦲꦶꦗꦺꦴ (ijo),ᜎᜓᜈ᜔ᜆᜒᜀᜈ᜔ (luntian),ಹಸಿರು (hasiru),பச்சை (paccai),పచ్చ (pacca),সবুজ (śobuj),हरीयर (harīyar),green,vert,લીલું (līlũ),हरा (harā),سبز (sabz),verde,हिरवं (hirvaṁ),verde,зелёный (zeljónyj),verde,grün,سبز (sabz),ہَرا (harā),緑 (midori),초록빛이다 (chorok-bichida),เขียว (khiao),كِيجَانِ (kijani),綠 (lǜ),綠 (loq),綠 (luhk),يشيل (yeşil),zöld
yellow,ቢጫ (bič̣a),اصفر (aṣfar),رَوْيَا (rawaya),أصفر (aṣfar),أَصْفَر (aṣfar),أصفر (aṣfar),𦏽 (vàng),kuning,ꦏꦸꦤꦶꦁ (kuning),ᜇᜒᜎᜏ᜔ (dilaw),ಹಳದಿ (haḷadi),மஞ்சள் (mañcaḷ),పసుపు (pasupu),হলুদ (holud),पीयर (pīyar),yellow,jaune,પીળું (pīḷũ),पीला (pīlā),زرد (zard),giallo,पिवळं (pivaḷaṁ),amarelo,жёлтый (žóltyj),amarillo,gelb,پیلا (pīlā),پِیلا (pīlā),黄色い (kiiroi),노랗다 (norata),เหลือง (lueang),مَنْجَانُو (manjano),黃 (huáng),黃 (waon),黃 (wòhng),صارى (sarı),sárga
white,ነጭ (näč̣č̣),ابيض (abyaḍ),فَرِي (fari),أبيض (abyaḍ),أَبْيَض (abyaḍ),أبيض (abyaḍ),𤽸 (trắng),putih,ꦥꦸꦠꦶꦃ (putih),ᜉᜓᜆᜒ (puti),ಬಿಳಿ (biḷi),வெள்ளை (veḷḷai),తెల్ల (tella),সাদা (śada),उज्जर (ujjar),white,blanc,સફેદ (saphed),सफ़ेद (safed),سفید (sefid),bianco,पांढरं (pāṇḍharaṁ),branco,бе́лый (bélyj),blanco,weiß,سفید (safed),چِٹا (ciṭṭā),白い (shiroi),하얗다 (hayata),ขาว (khao),ڽيُپِي (nyeupe),白 (bái),白 (baq),白 (baahk),بياض (beyaz),fehér
black,ጥቁር (ṭəqur),اسود (aswad),بَقِي (baƙi),أسود (aswad),أَسْوَد (aswad),أسود (aswad),𪓇 (đen),hitam,ꦲꦶꦫꦼꦁ (ireng),ᜁᜆᜒ᜙᜔ (itim),ಕಪ್ಪು (kappu),கருப்பு (karuppu),నల్ల (nalla),কালো (kalō),करिया (kariyā),black,noir,કાળું (kāḷũ),काला (kālā),سیاه (siyâh),nero,काळं (kāḷaṁ),preto,чёрный (čórnyj),negro,schwarz,سیاہ (siyāh),کالا (kālā),黒い (kuroi),까맣다 (kkamah-ta),ดำ (dam),ڽيُسِ (nyeusi),黑 (hēi),黑 (heq),黑 (hāk),سیاه (siyah),fekete
night,ሌሊት (lelit),ليل (lēl),دَرِي (dare),ليل (layl),لَيْل (layl),ليلة (lēla),𡖵 (đêm),malam,ꦮꦼꦔꦶ (wengi),ᜄᜊᜒ (gabi),ರಾತ್ರಿ (rātri),இரவு (iravu),రేయి (rēyi),রাত (rat),रात (rāt),night,nuit,રાત (rāt),रात (rāt),شب (šab),notte,रात्र (rātra),noite,ночь (nočʹ),noche,Nacht,رات (rāt),رات (rāt),夜 (yoru),밤 (bam),กลางคืน (klangkhuen),اُسِيكُ (usiku),夜晚 (yèwǎn),夜裏 (ya li),夜晚 (yeh máahn),گيجه (gece),éjszaka
hot,ትኩስ (təkus),سخن (sukhn),مَيْ زَفِي (mai zafi),سخن (sukhn),حَارّ (ḥārr),حار (ḥārr),𤐄 (nóng),hangat,ꦥꦤꦱ꧀ (panas),᜙ᜁᜈᜒᜆ᜔ (mainit),ಬಿಸಿ (bisi),வெக்கை (vekkai),వేడి (vēḍi),গরম (gorom),गरम (garam),hot,chaud,ગરમ (garam),गर्म (garm),گرم (garm),caldo,गरम (garam),quente,тёплый (tjóplyj),caliente,heiß,گرم (garm),گرم (garam),熱い (atsui),덥다 (deopda),ร้อน (ron),مُوتُو (moto),熱 (rè),熱 (gniq),熱 (yiht),صيجاق (sıcak),meleg
cold,ቀዝቃዛ (qäzqazza),برد (bard),مَيْ سَنْيِي (mai sanyi),بارد (bārid),بَارِد (bārid),بارد (bārid),冷 (lạnh),dingin,ꦲꦝꦼꦩ꧀ (adhem),᜙ᜎ᜙ᜒᜄ᜔ (malamig),ತಣ್ಣಗೆ (taṇṇage),குளிர்ச்சி (kuḷircci),చల్లని (callani),ঠান্ডা (ṭhanḍa),ठंडा (ṭhaṇḍā),cold,froid,ઠંડું (ṭhaṇḍũ),ठंडा (ṭhaṇḍā),سرد (sard),freddo,गार (gār),frio,холо́дный (xolódnyj),frío,kalt,سرد (sard),ٹھنڈا (ṭhaṇḍā),寒い (samui),춥다 (chupda),หนาว (nao),بَرِيدِ (baridi),冷 (lěng),冷 (lan),凍 (dung),صووق (soğuk),hideg
full,ሙሉ (mulu),مليان (malyān),چِكِكِّي (cikakke),ملان (malān),مُمتَلِئ (mumtali'),مليان (malyān),𣊄 (đầy),penuh,ꦏꦼꦧꦏ꧀ (kebak),ᜉᜓᜈᜓ (puno),ತುಂಬು (tumbu),முழு (muḻu),నిండు (niṇḍu),ভরা (bhora),पूरा (pūrā),full,plein,ભરેલું (bharelũ),पूरा (pūrā),پر (por),pieno,संपूर्ण (sampūrṇa),cheio,по́лный (pólnyj),lleno,voll,پورا (pūrā),پُورا (pūrā),満ちた (michita),가득하다 (gadeukada),เต็ม (tem),كُجَاأ (kujaa),滿 (mǎn),滿 (moe),滿 (múhn),طولو (dolu),teli
new,አዲስ (addis),جديد (gidīd),سَبُو (sabo),جديد (jdīd),جَدِيد (jadīd),جديد (jadīd),𡤔 (mới),baru,ꦲꦚꦂ (anyar),ᜊᜄᜓ (bago),ಹೊಸ (hosa),புது (putu),కొత్త (kotta),নতুন (notun),नाया (nāyā),new,nouveau,નવું (navũ),नया (nayā),نو (now),nuovo,नवं (navaṁ),novo,но́вый (nóvyj),nuevo,neu,نیا (nayā),نَواں (navā̃),新しい (atarashii),새롭다 (saeropda),ใหม่ (mai),مپِيَا (mpya),新 (xīn),新 (shín),新 (sān),یڭی (yeni),új
good,ጥሩ (ṭəru),كويس (kuwayyis),مَيْ كَيْاو (mai kyau),منيح (mnīḥ),طَيِّب (ṭayyib),سمح (samiḥ),卒 (tốt),baik,ꦲꦥꦶꦏ꧀ (apik),ᜊᜓᜆᜒ (buti),ಒಳ್ಳೆ (oḷḷe),நல்ல (nalla),మంచి (mañci),ভালো (bhalō),बढ़ियाँ (baṛhiyā̃),good,bon,સારું (sārũ),अच्छा (acchā),خوب (xub),buono,चांगलं (cāṅglaṁ),bom,хоро́ший (xoróšij),bueno,gut,اچھا (acchā),چَنگا (caṅgā),良い (yoi),좋다 (jota),ดี (di),نـجيمَا (njema),好 (hǎo),好 (hau),好 (hóu),ايو (iyi),jó
round,ክብ (kəbb),مدور (midawwar),مَيْ دَائِرَا (mai da'ira),مدوّر (mdawwar),مُستَدِير (mustadīr),مدور (mudawwar),𧪇 (tròn),bulat,ꦧꦸꦤ꧀ꦝꦼꦂ (bundher),ᜊᜒᜎᜓᜄ᜔ (bilog),ಗುಂಡು (guṇḍu),உருண்ட (uruṇṭa),గుండ్రని (guṇḍrani),গোল (gōl),गोल (gol),round,rond,ગોળ (goḷ),गोल (gol),گرد (gerd),rotondo,गोल (gol),redondo,кру́глый (krúglyj),redondo,rund,گول (gol),گول (gol),丸い (marui),둥글다 (dunggeulda),กลม (klom),دُوَرَا (duara),圓 (yuán),圓 (yoe),圓 (yùhn),يووارلاق (yuvarlak),kerek
dry,ደረቅ (däräq),ناشف (nāshif),بُوسَشِّي (busasshe),ناشف (nāshif),جَافّ (jāff),ناشف (nāshif),枯 (khô),kering,ꦒꦫꦶꦁ (garing),ᜆᜓᜌᜓ (tuyo),ಒಣ (oṇa),உலர்ந்த (ularnta),పొడి (poḍi),শুকনা (śukona),सूखल (sūkhal),dry,sec,સૂકું (sūkũ),सूखा (sūkhā),خشک (xošk),secco,कोरडं (korḍaṁ),seco,сухо́й (suxój),seco,trocken,خشک (khushk),سُکّا (sukkā),乾いた (kawaita),마르다 (mareuda),แห้ง (haeng),كَڤُ (kavu),乾 (gān),乾 (kóe),乾 (gōn),قورو (kuru),száraz
name,ስም (səm),اسم (ism),سُونَا (suna),اسم (ism),اِسْم (ism),إسم (ism),𠸛 (tên),nama,ꦗꦼꦤꦼꦁ (jeneng),ᜅᜎᜈ᜔ (ngalan),ಹೆಸರು (hesaru),பெயர் (peyar),పేరు (pēru),নাম (nam),नाव (nāv),name,nom,નામ (nām),नाम (nām),اسم (esm),nome,नाव (nāv),nome,и́мя (ímja),nombre,Name,نام (nām),ناں (nā̃),名 (na),이름 (ireum),ชื่อ (chue),جِينَا (jina),名字 (míngzi),名字 (min zy),名 (méng),آد (ad),név
